idx,letra_esperada,letra_predita,acerto,saida_A,saida_B,saida_C,saida_D,saida_E,saida_F,saida_G,saida_H,saida_I,saida_J,saida_K,saida_L,saida_M,saida_N,saida_O,saida_P,saida_Q,saida_R,saida_S,saida_T,saida_U,saida_V,saida_W,saida_X,saida_Y,saida_Z
0,I,I,1,-0.993077,-0.999366,-0.995114,-0.998220,-0.998989,-0.999276,-0.999168,-0.999880,0.357304,-0.969994,-0.998970,-0.976802,-0.999898,-0.999526,-0.996314,-0.998978,-0.997917,-0.999952,-0.971329,-0.885041,-0.999856,-0.994915,-0.999396,-0.999358,-0.997543,-0.998758
1,E,E,1,-0.999159,-0.897535,-0.348559,-0.996773,0.832486,-0.977394,-0.980751,-0.998840,-0.996297,-0.997943,-0.989282,-0.995822,-0.999969,-0.999998,-0.998922,-0.984731,-0.998956,-0.997738,-0.998317,-0.985943,-0.999185,-0.999728,-0.996527,-0.999974,-0.999882,-0.339925
2,R,R,1,-0.997235,-0.983462,-0.999460,-0.982657,-0.999388,-0.999852,-0.999923,-0.944743,-0.999972,-0.999621,-0.918744,-0.999940,-0.994087,-0.998159,-0.997364,-0.885857,-0.935256,0.982931,-0.999656,-0.999665,-0.999567,-0.998824,-0.992846,-0.997281,-0.999950,-0.989448
3,L,L,1,-0.999332,-0.987780,-0.956838,-0.988175,-0.828981,-0.996169,-0.998800,-0.999232,-0.947422,-0.997704,-0.936085,0.965939,-0.999988,-0.999971,-0.999963,-0.999931,-0.999263,-0.999757,-0.941908,-0.999991,-0.990369,-0.997393,-0.995417,-0.999769,-0.997555,-0.993715
4,M,M,1,-0.999988,-0.978618,-0.893318,-0.998351,-0.373266,0.180036,-0.957716,-0.838354,-0.999010,-0.964818,-0.758907,-0.619085,0.957349,-0.969635,-0.138103,-0.433717,-0.987650,-0.996096,-0.985482,0.586035,0.738721,0.419782,-0.146951,-0.985604,0.714055,-0.991260
5,S,S,1,-0.998565,-0.987638,-0.996781,-0.999722,-0.983335,-0.975866,-0.955717,-0.999983,-0.986677,-0.993644,-0.997208,-0.982883,-0.999981,-0.960278,-0.999834,-0.999992,-0.994435,-0.991490,0.949167,-0.999602,-0.999951,-0.999614,-0.995372,-0.961787,-0.973591,-0.999927
6,D,D,1,-0.999801,-0.989345,-0.992740,0.448249,-0.999965,-0.999601,-0.997907,-0.999294,-0.999861,-0.999908,-0.999596,-0.999649,-0.993401,-0.993395,0.157549,-0.944223,-0.999285,-0.992396,-0.998881,-0.970332,-0.998980,-0.999985,-0.997390,-0.999996,-0.999987,-0.997703
7,V,U,0,-0.999823,-0.990878,-0.989364,-0.920294,-0.999188,-0.982818,-0.998740,-0.965727,-0.999986,-0.999224,-0.996538,-0.765764,-0.996057,-0.995183,-0.999034,-0.995229,-0.998875,-0.999544,-0.997872,-0.999653,0.066056,-0.703362,-0.998058,-0.999856,-0.998183,-0.999870
8,N,N,1,-0.998461,-0.999737,-0.999941,-0.994579,-0.999901,-0.998411,-0.992347,-0.973088,-0.999973,-0.999974,-0.999382,-0.999984,-0.819937,0.921061,-0.997708,-0.999701,-0.999314,-0.991477,-0.902650,-0.992509,-0.997843,-0.999973,-0.982936,-0.959419,-0.999156,-0.999976
9,P,P,1,-0.997357,-0.976147,-0.998883,-0.984553,-0.993094,-0.968844,-0.999995,-0.967792,-0.999365,-0.998135,-0.999015,-0.999936,-0.994545,-0.999910,-0.984888,0.982445,-0.999918,-0.906984,-0.999313,-0.992327,-0.999895,-0.998219,-0.997260,-0.998905,-0.996251,-0.964292
10,V,V,1,-0.997744,-0.998872,-0.995143,-0.999868,-0.999621,-0.979494,-0.999930,-0.998538,-0.999957,-0.999655,-0.798985,-0.999796,-0.965051,-0.999515,-0.999717,-0.838723,-0.993366,-0.989157,-0.999416,-0.989793,-0.983633,0.935660,-0.999987,-0.998301,-0.761663,-0.999908
11,I,I,1,-0.947481,-0.999873,-0.995964,-0.999200,-0.999832,-0.997074,-0.999250,-0.999913,0.494220,-0.521164,-0.999727,-0.998859,-0.999801,-0.999995,-0.995704,-0.989043,-0.997807,-0.999922,-0.999615,-0.851629,-0.999997,-0.997668,-0.994472,-0.997969,-0.997505,-0.856488
12,C,C,1,-0.999353,-0.998900,0.865893,-0.999607,-0.954961,-0.958171,-0.979421,-0.999792,-0.994022,-0.999958,-0.954761,-0.985085,-0.999955,-0.999582,-0.972479,-0.998351,-0.997987,-0.989584,-0.999583,-0.987886,-0.994347,-0.991843,-0.999200,-0.999988,-0.999599,-0.997515
13,J,J,1,-0.800114,-0.999738,-0.999006,-0.990806,-0.999453,-0.953505,-0.999964,-0.999604,-0.915846,-0.238157,-0.997600,-0.998958,-0.999808,-0.999987,-0.999639,-0.940293,-0.999837,-0.999413,-0.999241,-0.833618,-0.999999,-0.998033,-0.972691,-0.902220,-0.999148,-0.611989
14,D,D,1,-0.999329,-0.970084,-0.999466,0.757956,-0.999947,-0.999995,-0.997345,-0.999822,-0.995609,-0.998611,-0.999982,-0.999929,-0.990887,-0.995328,-0.892631,-0.995236,-0.971802,-0.999045,-0.961016,-0.997507,-0.999112,-0.999990,-0.998203,-0.999986,-0.999936,-0.991323
15,I,I,1,-0.968120,-0.999766,-0.997287,-0.998076,-0.999841,-0.998047,-0.999607,-0.999904,0.166977,-0.946635,-0.998794,-0.992832,-0.999912,-0.999681,-0.997152,-0.995953,-0.996002,-0.999800,-0.986313,-0.902280,-0.999977,-0.994497,-0.999042,-0.998103,-0.998619,-0.998271
16,Z,Z,1,-0.824937,-0.855849,-0.997402,-0.954091,-0.990408,-0.999857,-0.999963,-0.998815,-0.999408,-0.995202,-0.992462,-0.999823,-0.999770,-0.999992,-0.999935,-0.995813,-0.993171,-0.982660,-0.999587,-0.992068,-0.999996,-0.999051,-0.992874,-0.971247,-0.999830,0.567544
17,J,J,1,-0.989116,-0.918664,-0.999765,-0.976908,-0.999581,-0.989725,-0.987646,-0.999789,-0.994368,0.993405,-0.999902,-0.964473,-0.998637,-0.999988,-0.999169,-0.997879,-0.996886,-0.996723,-0.964763,-0.999957,-0.999707,-0.931197,-0.861050,-0.999523,-0.998996,-0.991808
18,F,F,1,-0.998020,-0.991584,-0.972658,-0.998957,-0.898873,0.908115,-0.997332,-0.991165,-0.999975,-0.990654,-0.966873,-0.939494,-0.999748,-0.999994,-0.999504,-0.674619,-0.999939,-0.995126,-0.999070,-0.998211,-0.999502,-0.906269,-0.999080,-0.999567,-0.983011,-0.995112
19,T,T,1,-0.999629,-0.999143,-0.984846,-0.996761,-0.996551,-0.998423,-0.999769,-0.999876,-0.906697,-0.998913,-0.999559,-0.998822,-0.999931,-0.999667,-0.993979,-0.997965,-0.998273,-0.999253,-0.987644,0.939826,-0.999968,-0.996737,-0.999943,-0.998233,-0.997314,-0.994089
20,X,X,1,-0.991342,-0.999945,-0.999942,-0.999972,-0.999899,-0.991690,-0.999110,-0.999108,-0.999810,-0.998771,-0.981951,-0.997843,-0.998691,-0.933546,-0.999982,-0.999918,-0.994262,-0.966301,-0.985243,-0.999671,-0.999987,-0.999450,-0.944613,0.870501,-0.962184,-0.994537
21,V,V,1,-0.998888,-0.997402,-0.999282,-0.986805,-0.999315,-0.999911,-0.999979,-0.988077,-0.998778,-0.999365,-0.998512,-0.982990,-0.977181,-0.998474,-0.999960,-0.999147,-0.765691,-0.997841,-0.998068,-0.992591,-0.853587,0.865767,-0.999304,-0.998004,-0.977096,-0.999650
22,H,H,1,-0.998838,-0.977246,-0.999397,-0.999167,-0.994681,-0.996845,-0.887278,0.054624,-0.999986,-0.999388,-0.830658,-0.999904,-0.366868,-0.967476,-0.996223,-0.998768,-0.996668,-0.985575,-0.998350,-0.984560,-0.465393,-0.998998,-0.936031,-0.999884,-0.997586,-0.995142
23,B,B,1,-0.998730,-0.238010,-0.996983,-0.830804,-0.998288,-0.999631,-0.973684,-0.955522,-0.999879,-0.999914,-0.998016,-0.999698,-0.999132,-0.990223,-0.973174,-0.995988,-0.983608,-0.997534,-0.997295,-0.997855,-0.998746,-0.999988,-0.997071,-0.999995,-0.999926,-0.991440
24,U,U,1,-0.997150,-0.996355,-0.999589,-0.986483,-0.999916,-0.999968,-0.749844,-0.857358,-0.998124,-0.989447,-0.997755,-0.983079,-0.996305,-0.912865,-0.992987,-0.999955,-0.963120,-0.999460,-0.994957,-0.999978,0.698607,-0.999691,-0.846677,-0.999904,-0.999819,-0.998262
25,V,V,1,-0.999883,-0.985920,-0.877389,-0.999958,-0.997071,-0.918972,-0.998548,-0.998900,-0.999866,-0.992761,-0.939152,-0.999617,-0.424149,-0.999896,-0.970436,-0.848943,-0.999570,-0.997311,-0.999328,-0.996966,-0.894087,0.704463,-0.998278,-0.999975,-0.675624,-0.999794
26,V,V,1,-0.998032,-0.999435,-0.999930,-0.999179,-0.999939,-0.998886,-0.999910,-0.996136,-0.999982,-0.998660,-0.992828,-0.997181,-0.959243,-0.996797,-0.999987,-0.998051,-0.973905,-0.995735,-0.999387,-0.990734,-0.969468,0.946139,-0.999618,-0.980168,-0.979942,-0.999948
27,P,P,1,-0.991039,-0.975129,-0.996281,-0.980908,-0.999417,-0.699542,-0.995900,-0.999129,-0.999990,-0.768279,-0.998142,-0.999810,-0.992673,-0.999981,-0.995789,0.466065,-0.999752,-0.309682,-0.999802,-0.998277,-0.999944,-0.949015,-0.993290,-0.999754,-0.999910,-0.996480
28,A,A,1,0.776268,-0.920932,-0.999775,-0.996693,-0.999229,-0.999972,-0.934534,-0.998670,-0.998166,-0.997856,-0.993586,-0.999736,-0.995183,-0.926414,-0.999929,-0.999990,-0.964001,-0.982319,-0.991933,-0.999996,-0.999991,-0.999948,-0.941002,-0.863935,-0.999980,-0.997454
29,D,D,1,-0.994327,-0.971633,-0.999636,0.852948,-0.999930,-0.999855,-0.995865,-0.996091,-0.986087,-0.987773,-0.999993,-0.998665,-0.997802,-0.995336,-0.987401,-0.988228,-0.997325,-0.999507,-0.984266,-0.996751,-0.994375,-0.999846,-0.995438,-0.999978,-0.999907,-0.993108
30,K,K,1,-0.999512,-0.999869,-0.986712,-0.999948,-0.996925,-0.977011,-0.999967,-0.987529,-0.999008,-0.999966,0.951855,-0.991152,-0.999661,-0.991005,-0.999961,-0.999745,-0.989724,-0.927646,-0.997803,-0.999533,-0.998834,-0.980533,-0.993891,-0.942439,-0.989213,-0.998698
31,U,U,1,-0.999852,-0.982031,-0.998738,-0.995507,-0.999962,-0.999984,-0.915703,-0.999684,-0.996988,-0.771219,-0.997679,-0.988376,-0.952321,-0.999129,-0.872827,-0.999899,-0.954054,-0.999940,-0.999273,-0.999979,-0.136409,-0.998536,-0.566594,-0.999998,-0.999548,-0.999134
32,W,W,1,-0.996060,-0.999908,-1.000000,-0.999956,-0.999979,-0.999822,-0.987431,-0.937530,-0.999688,-0.996163,-0.990795,-0.998915,-0.988867,-0.950508,-0.999393,-0.999983,-0.991135,-0.999670,-0.999726,-0.999978,-0.999454,-0.999994,0.921130,-0.940325,-0.999937,-0.999226
33,Z,Z,1,-0.996371,-0.997645,-0.967603,-0.999827,-0.903119,-0.997099,-0.999341,-0.999679,-0.434031,-0.980345,-0.999755,-0.992637,-0.999892,-1.000000,-0.999574,-0.996595,-0.952018,-0.999625,-0.999660,-0.983679,-0.999989,-0.999056,-0.993626,-0.995668,-0.989163,0.893751
34,K,K,1,-0.999565,-0.997343,-0.986320,-0.999871,-0.997315,-0.999825,-0.999927,-0.990673,-0.997709,-0.999845,0.822331,-0.990228,-0.997298,-0.991677,-0.999674,-0.999417,-0.938010,-0.794338,-0.999607,-0.999712,-0.998947,-0.993159,-0.942060,-0.878025,-0.992739,-0.983209
35,G,G,1,-0.998411,-0.866348,-0.928888,-0.999593,-0.979561,-0.999445,0.889762,-0.999471,-0.999307,-0.999747,-0.999818,-0.999814,-0.994926,-0.996307,-0.878982,-0.999954,-0.792786,-0.989605,-0.998437,-0.999681,-0.998927,-0.999924,-0.989750,-0.999998,-0.999981,-0.999511
36,J,J,1,-0.963410,-0.998652,-0.999451,-0.998992,-0.999175,-0.994694,-0.991027,-0.999947,-0.575906,0.745467,-0.999862,-0.999804,-0.999433,-0.999984,-0.999270,-0.996561,-0.998823,-0.998952,-0.968027,-0.974164,-0.999998,-0.997127,-0.986475,-0.998643,-0.998087,-0.994341
37,N,N,1,-0.998166,-0.999620,-0.999522,-0.978203,-0.999996,-0.999158,-0.994538,-0.993610,-0.999810,-0.999808,-0.982715,-0.999660,-0.924072,0.876184,-0.960770,-0.999797,-0.992722,-0.994448,-0.823133,-0.999867,-0.558883,-0.998512,-0.989400,-0.999627,-0.998556,-0.999999
38,P,P,1,-0.962161,-0.997192,-0.995108,-0.999334,-0.999141,-0.240263,-0.997329,-0.998427,-0.999953,-0.969471,-0.977927,-0.994757,-0.952731,-0.999922,-0.999020,0.420812,-0.999981,-0.993460,-0.999921,-0.999724,-0.999175,-0.255780,-0.993400,-0.999741,-0.990733,-0.999667
39,W,W,1,-0.905923,-0.967434,-0.999991,-0.974865,-0.999986,-0.999142,-0.999607,-0.672260,-0.999980,-0.995422,-0.999666,-0.999991,-0.957628,-0.976909,-0.999397,-0.979809,-0.998975,-0.924936,-0.999642,-0.997900,-0.999690,-0.996156,-0.322643,-0.999389,-0.999984,-0.999587
40,P,P,1,-0.995325,-0.952163,-0.999649,-0.992448,-0.999849,-0.832063,-0.994353,-0.995654,-0.999995,-0.963509,-0.999824,-0.999934,-0.775491,-0.999675,-0.970163,0.916646,-0.999890,-0.867862,-0.999741,-0.999690,-0.998654,-0.938953,-0.995529,-0.999943,-0.998905,-0.999783
41,U,U,1,-0.999420,-0.998860,-0.985038,-0.986249,-0.999179,-0.999919,-0.974722,-0.536027,-0.999831,-0.999975,-0.955817,-0.966462,-0.998701,-0.939426,-0.997764,-0.999853,-0.987214,-0.998837,-0.999764,-0.999839,0.913929,-0.998605,-0.986849,-0.999973,-0.999873,-0.999197
42,N,N,1,-0.999301,-0.999873,-0.999969,-0.987431,-0.999939,-0.999557,-0.997963,-0.992381,-0.999905,-0.999989,-0.998857,-0.995137,-0.981259,0.891711,-0.998514,-0.999986,-0.986389,-0.962277,-0.971711,-0.999256,-0.999022,-0.999956,-0.972687,-0.934585,-0.999937,-0.999995
43,U,U,1,-0.999996,-0.997580,-0.994831,-0.995927,-0.999621,-0.999951,-0.998279,-0.936066,-0.999964,-0.999986,-0.994872,-0.993072,-0.984593,-0.983860,-0.992991,-0.999809,-0.969681,-0.999615,-0.999502,-0.999834,0.948288,-0.997824,-0.996353,-0.999994,-0.998593,-0.999676
44,F,F,1,-0.998185,-0.999218,-0.985392,-0.999927,-0.866975,0.976692,-0.926187,-0.971802,-0.999956,-0.995785,-0.996517,-0.995868,-0.999889,-0.999757,-0.999277,-0.954602,-0.999991,-0.992564,-0.991727,-0.998705,-0.997833,-0.990967,-0.994323,-0.999735,-0.997770,-0.999406
45,C,C,1,-0.999133,-0.995891,0.941703,-0.990009,-0.874386,-0.998189,-0.924878,-0.999480,-0.988664,-0.999738,-0.948190,-0.942008,-0.999982,-0.999786,-0.994532,-0.999857,-0.932920,-0.912221,-0.999599,-0.966845,-0.994593,-0.992651,-0.999437,-0.999990,-0.999966,-0.953197
46,K,K,1,-0.991327,-0.999898,-0.998294,-0.998672,-0.996862,-0.997328,-0.999983,-0.993458,-0.998992,-0.999739,0.698170,-0.991198,-0.999912,-0.998207,-1.000000,-0.999924,-0.994878,-0.957873,-0.998769,-0.994020,-0.999928,-0.989354,-0.994419,-0.020226,-0.998546,-0.986653
47,R,R,1,-0.977137,-0.984553,-0.999911,-0.996219,-0.996625,-0.997703,-0.999872,-0.986097,-0.999909,-0.996138,-0.994843,-0.999827,-0.999782,-0.993273,-0.999835,-0.947918,-0.996892,0.865855,-0.992250,-0.999869,-0.999928,-0.997423,-0.991435,-0.983967,-0.999975,-0.999349
48,B,B,1,-0.983521,0.612201,-0.997400,-0.937927,-0.986323,-0.998389,-0.988900,-0.977834,-0.999994,-0.999511,-0.994728,-0.998725,-0.999178,-0.999417,-0.999758,-0.990711,-0.996604,-0.929750,-0.983737,-0.999979,-0.998712,-0.999049,-0.999518,-0.998899,-0.999632,-0.961390
49,H,H,1,-0.998810,-0.999107,-0.999915,-0.974051,-0.998904,-0.976828,-0.999409,0.699170,-0.999999,-0.999934,-0.958913,-0.998791,-0.996603,-0.995303,-0.999993,-0.967587,-0.999882,-0.927991,-0.999917,-0.999496,-0.952512,-0.990549,-0.995924,-0.999044,-0.999939,-0.998300
50,V,V,1,-0.999217,-0.999771,-0.960657,-0.999977,-0.999207,-0.957208,-0.998932,-0.998439,-0.999823,-0.999403,-0.898702,-0.999795,-0.848883,-0.999974,-0.997852,-0.959149,-0.991811,-0.999131,-0.999984,-0.993970,-0.983049,0.310796,-0.998773,-0.999111,-0.844078,-0.987231
51,M,M,1,-0.999977,-0.998147,-0.999932,-0.999878,-0.999612,-0.999858,-0.999626,-0.994390,-0.999954,-0.999779,-0.997954,-0.999385,0.839550,-0.998771,-0.997547,-0.997372,-0.993195,-0.999767,-0.999962,-0.998445,-0.990538,-0.944139,-0.978126,-0.999956,-0.998546,-0.999981
52,E,E,1,-0.999725,-0.869979,-0.972075,-0.999537,0.798191,-0.946988,-0.990746,-0.997065,-0.996490,-0.996314,-0.996322,-0.969125,-0.999985,-0.999995,-0.999569,-0.997121,-0.999684,-0.998132,-0.961607,-0.997424,-0.998186,-0.996155,-0.997038,-0.999967,-0.999346,-0.984604
53,R,R,1,-0.996775,-0.999511,-0.998693,-0.883845,-0.999243,-0.524756,-0.996518,-0.883168,-1.000000,-0.997941,-0.905383,-0.999723,-0.998131,-0.976910,-0.999827,-0.966670,-0.997229,0.874849,-0.991444,-0.995348,-0.997248,-0.986610,-0.995191,-0.988598,-0.999816,-0.999783
54,W,W,1,-0.955943,-0.999967,-0.999977,-0.999763,-0.999776,-0.997986,-0.999512,-0.997466,-0.963821,-0.992775,-0.997042,-0.998073,-0.983642,-0.948470,-0.999527,-0.999862,-0.993509,-0.999731,-0.999640,-0.998331,-0.999819,-0.999665,0.967211,-0.930211,-0.999810,-0.999165
55,K,K,1,-0.998907,-0.999880,-0.995553,-0.999959,-0.997827,-0.993809,-0.999928,-0.966771,-0.999666,-0.999957,0.930867,-0.970055,-0.999854,-0.980658,-0.999983,-0.999968,-0.975457,-0.897580,-0.998744,-0.999781,-0.998251,-0.988582,-0.988391,-0.893416,-0.997011,-0.998981
56,O,O,1,-0.999971,-0.998108,-0.986814,-0.976895,-0.999580,-0.999751,-0.987741,-0.999963,-0.995636,-0.997965,-0.999785,-0.983850,-0.996144,-0.999768,0.536196,-0.997935,-0.801607,-0.997905,-0.991795,-0.868864,-0.999563,-0.999983,-0.993076,-0.999565,-0.993215,-0.912853
57,C,C,1,-0.999936,-0.999736,0.869062,-0.999940,-0.992328,-0.991163,-0.585191,-0.999650,-0.987300,-0.999917,-0.970934,-0.992618,-0.999882,-0.999130,-0.932965,-0.999656,-0.993347,-0.995637,-0.999689,-0.986774,-0.968982,-0.999349,-0.999221,-0.999996,-0.999149,-0.998416
58,J,J,1,-0.852225,-0.999414,-0.998490,-0.999437,-0.996861,-0.974721,-0.998854,-0.999839,-0.371514,0.638385,-0.999543,-0.999820,-0.999542,-0.999991,-0.999319,-0.988907,-0.998906,-0.999208,-0.993488,-0.964717,-0.999999,-0.998403,-0.984171,-0.949028,-0.989706,-0.812936
59,X,X,1,-0.997688,-0.999964,-0.996340,-0.999812,-0.998611,-0.988896,-0.999918,-0.998349,-0.999123,-0.999876,-0.455114,-0.999865,-0.993225,-0.976487,-0.999922,-0.998373,-0.998486,-0.992572,-0.995258,-0.683055,-0.999861,-0.972772,-0.999778,0.269989,-0.796830,-0.998892
60,E,E,1,-0.995728,-0.981715,-0.990805,-0.999708,0.365883,-0.669140,-0.996597,-0.995216,-0.996008,-0.996464,-0.992710,-0.970030,-0.999991,-0.999983,-0.999973,-0.994252,-0.999861,-0.996036,-0.978987,-0.999580,-0.999917,-0.998016,-0.997390,-0.999738,-0.999548,-0.992755
61,P,P,1,-0.996110,-0.984544,-0.999148,-0.995282,-0.999097,-0.998190,-0.999955,-0.995049,-0.999524,-0.996509,-0.999960,-0.999996,-0.611114,-0.999740,-0.927631,0.861348,-0.995678,-0.964380,-0.999740,-0.961792,-0.999603,-0.989330,-0.998966,-0.998649,-0.922161,-0.974775
62,G,G,1,-0.999857,-0.999190,-0.949767,-0.999675,-0.999606,-0.998688,0.775946,-0.999847,-0.998975,-0.999382,-0.994458,-0.991967,-0.999517,-0.996956,-0.992175,-0.999996,-0.983249,-0.999444,-0.998911,-0.998903,-0.991883,-0.999705,-0.958026,-0.999998,-0.999981,-0.999787
63,F,F,1,-0.996491,-0.994710,-0.980758,-0.999340,-0.890215,0.670824,-0.999688,-0.957181,-0.999923,-0.999380,-0.979092,-0.999853,-0.998506,-0.999848,-0.984807,-0.543434,-0.999988,-0.983953,-0.998877,-0.989106,-0.999764,-0.999205,-0.988452,-0.999940,-0.999386,-0.998281
64,R,R,1,-0.980802,-0.925523,-0.999522,-0.959486,-0.999203,-0.999588,-0.999975,-0.992053,-0.999969,-0.998854,-0.945639,-0.999866,-0.986785,-0.992773,-0.998521,-0.743714,-0.993935,0.941767,-0.998393,-0.999914,-0.999916,-0.997133,-0.976330,-0.975262,-0.999900,-0.997015
65,P,P,1,-0.999338,-0.982865,-0.995221,-0.862763,-0.999849,-0.972980,-0.999945,-0.997911,-0.999991,-0.989206,-0.998600,-0.999931,-0.927139,-0.999970,-0.939586,0.977907,-0.997911,-0.705160,-0.999987,-0.997894,-0.999151,-0.911386,-0.997057,-0.999942,-0.999830,-0.995803
66,P,P,1,-0.999338,-0.982865,-0.995221,-0.862763,-0.999849,-0.972980,-0.999945,-0.997911,-0.999991,-0.989206,-0.998600,-0.999931,-0.927139,-0.999970,-0.939586,0.977907,-0.997911,-0.705160,-0.999987,-0.997894,-0.999151,-0.911386,-0.997057,-0.999942,-0.999830,-0.995803
67,E,E,1,-0.998488,-0.933207,-0.979068,-0.999040,0.581366,-0.844860,-0.998514,-0.998035,-0.998868,-0.999051,-0.964495,-0.988102,-0.999989,-0.999973,-0.999976,-0.997859,-0.999901,-0.998764,-0.837494,-0.999734,-0.999627,-0.998320,-0.999071,-0.999908,-0.999142,-0.997522
68,W,W,1,-0.877998,-0.984012,-0.999912,-0.998120,-0.999215,-0.958947,-0.890503,-0.997951,-0.999797,-0.787183,-0.998327,-0.987057,-0.999784,-0.999904,-0.999635,-0.997180,-0.989007,-0.906913,-0.999903,-0.997725,-0.999997,-0.997840,0.935113,-0.995719,-0.999996,-0.989629
69,Z,Z,1,-0.997887,-0.991346,-0.996828,-0.998910,-0.997723,-0.999394,-0.999955,-0.999477,-0.988325,-0.970489,-0.998530,-0.999604,-0.999821,-1.000000,-0.999720,-0.968406,-0.989843,-0.998984,-0.999895,-0.968103,-0.999993,-0.999587,-0.998321,-0.989983,-0.987110,0.926642
70,J,J,1,-0.993144,-0.920072,-0.975898,-0.996949,-0.998996,-0.997844,-0.978281,-0.999982,-0.998415,0.917828,-0.999839,-0.999956,-0.996900,-0.999994,-0.996787,-0.997375,-0.990841,-0.982682,-0.995519,-0.933619,-0.999966,-0.941958,-0.987073,-0.999825,-0.999583,-0.957803
71,L,L,1,-0.995633,-0.999878,-0.978296,-0.999898,-0.961398,-0.972512,-0.996458,-0.997265,-0.875864,-0.999795,-0.996746,0.938083,-0.999904,-0.999578,-0.999739,-0.999972,-0.965579,-0.998934,-0.995962,-0.999278,-0.996866,-0.958582,-0.998272,-0.960799,-0.975230,-0.993209
72,D,D,1,-0.999948,-0.987490,-0.963504,0.526025,-0.999763,-0.999848,-0.998583,-0.999030,-0.999964,-0.999956,-0.993257,-0.981223,-0.999864,-0.999223,-0.969566,-0.988988,-0.985041,-0.964692,-0.996619,-0.997904,-0.983481,-0.999733,-0.999866,-0.999972,-0.999908,-0.984432
73,P,M,0,-0.998197,-0.999831,-0.999941,-0.992928,-0.999993,-0.993628,-0.977796,-0.998734,-0.991992,-0.982653,-0.999997,-0.998619,-0.752934,-0.995856,-0.812145,-0.956367,-0.994377,-0.999991,-0.987128,-0.991514,-0.992860,-0.999499,-0.986031,-0.999440,-0.974984,-0.999382
74,Q,Q,1,-0.999630,-0.999243,-0.289210,-0.999134,-0.997914,-0.999101,-0.775160,-0.999906,-0.995051,-0.999480,-0.997566,-0.994055,-0.999629,-0.999756,-0.996217,-0.999939,-0.007685,-0.999609,-0.999768,-0.998616,-0.848599,-0.919409,-0.996992,-0.999999,-0.999871,-0.999756
75,X,R,0,-0.105258,-0.994853,-0.999996,-0.999640,-0.999935,-0.999788,-0.999779,-0.971122,-0.999528,-0.977852,-0.987951,-0.999710,-0.998854,-0.844759,-0.999941,-0.999742,-0.989588,-0.033189,-0.989619,-0.999896,-0.999987,-0.999473,-0.902444,-0.230319,-0.999954,-0.999557
76,G,G,1,-0.990125,-0.987592,-0.821356,-0.993365,-0.971860,-0.968878,0.857245,-0.996222,-0.996186,-0.987188,-0.999623,-0.996748,-0.999828,-0.984307,-0.983146,-0.999833,-0.995389,-0.949549,-0.944546,-0.999900,-0.959704,-0.998977,-0.988996,-0.999995,-0.999978,-0.999901
77,U,U,1,-0.999965,-0.999903,-0.990353,-0.996662,-0.999837,-0.999527,-0.937075,-0.992023,-0.999721,-0.998607,-0.987074,-0.989403,-0.987567,-0.990113,-0.998702,-0.999900,-0.977220,-0.999495,-0.999481,-0.979846,0.920974,-0.975369,-0.939554,-0.999895,-0.991806,-0.996874
78,B,B,1,-0.989445,0.742145,-0.999926,-0.975750,-0.986288,-0.999616,-0.994205,-0.990516,-0.999754,-0.994294,-0.999982,-0.998769,-0.997689,-0.999801,-0.998688,-0.995032,-0.999222,-0.993783,-0.805874,-0.999665,-0.999968,-0.999922,-0.998795,-0.996867,-0.993430,-0.766348
79,M,M,1,-0.999926,-0.996015,-0.999991,-0.999488,-0.999842,-0.999817,-0.999842,-0.921217,-0.999970,-0.999245,-0.995849,-0.999240,0.963381,-0.999144,-0.993457,-0.965319,-0.980015,-0.998505,-0.999974,-0.998359,-0.988149,-0.955129,-0.970941,-0.999809,-0.999328,-0.999922
80,V,V,1,-0.999385,-0.998419,-0.998699,-0.989977,-0.999486,-0.999791,-0.999974,-0.985227,-0.999451,-0.999747,-0.997374,-0.990222,-0.981862,-0.995593,-0.999969,-0.999416,-0.899449,-0.998324,-0.998090,-0.983176,-0.673722,0.891990,-0.999625,-0.998578,-0.973752,-0.999849
81,H,H,1,-0.999714,-0.998001,-0.999997,-0.966454,-0.999950,-0.998762,-0.999828,0.786254,-0.999999,-0.999921,-0.995312,-0.999958,-0.928742,-0.900774,-0.999677,-0.977246,-0.999449,-0.913282,-0.999800,-0.999855,-0.980463,-0.999908,-0.973446,-0.999656,-0.999986,-0.999914
82,X,X,1,-0.993504,-0.999936,-0.999961,-0.999964,-0.998726,-0.990457,-0.999865,-0.971595,-0.999570,-0.998289,-0.977538,-0.996273,-0.990130,-0.987154,-0.999967,-0.994944,-0.989547,-0.935621,-0.985411,-0.999830,-0.999536,-0.998234,-0.991022,0.210078,-0.894051,-0.996507
83,Z,Z,1,-0.998821,-0.962026,-0.996079,-0.999810,-0.991694,-0.999693,-0.999321,-0.999797,-0.992677,-0.994368,-0.998824,-0.999462,-0.999630,-0.999996,-0.999597,-0.998719,-0.990991,-0.997323,-0.998228,-0.997645,-0.999993,-0.999932,-0.992970,-0.983510,-0.960063,0.913082
84,U,U,1,-0.999981,-0.999872,-0.899944,-0.981010,-0.999809,-0.999797,-0.996321,-0.956751,-0.999566,-0.999961,-0.986569,-0.999407,-0.994148,-0.971112,-0.980765,-0.998084,-0.978259,-0.997611,-0.999430,-0.996015,0.916492,-0.998756,-0.996562,-0.999982,-0.999407,-0.999379
85,V,V,1,-0.999110,-0.999401,-0.998018,-0.998964,-0.998749,-0.985238,-0.999569,-0.992209,-0.999960,-0.998385,-0.989282,-0.983932,-0.982296,-0.998821,-0.999987,-0.999625,-0.976075,-0.998434,-0.998850,-0.978603,-0.947091,0.969536,-0.999380,-0.998278,-0.988992,-0.999958
86,E,E,1,-0.998532,-0.991982,-0.896770,-0.998329,0.619790,-0.911852,-0.999142,-0.996878,-0.997505,-0.999914,-0.971265,-0.965179,-0.999988,-0.999972,-0.999658,-0.996133,-0.994668,-0.998126,-0.999175,-0.998336,-0.999925,-0.999849,-0.998563,-0.999915,-0.999508,-0.977845
87,L,L,1,-0.997417,-0.999314,-0.953618,-0.999308,-0.945231,-0.852947,-0.997996,-0.999692,-0.986650,-0.989226,-0.998744,0.725080,-0.999969,-0.999912,-0.999571,-0.999209,-0.998725,-0.999751,-0.996254,-0.998444,-0.998327,-0.969532,-0.979813,-0.993698,-0.997487,-0.993476
88,X,X,1,-0.994707,-0.999856,-0.999752,-0.998503,-0.999461,-0.997614,-0.999727,-0.995211,-0.999986,-0.999865,-0.979093,-0.999492,-0.995607,-0.075548,-0.999977,-0.999965,-0.998150,-0.840348,-0.985896,-0.994417,-0.999969,-0.998942,-0.974607,0.686313,-0.998896,-0.999120
89,Z,Z,1,-0.978404,-0.998940,-0.994790,-0.761995,-0.951702,-0.993420,-0.999195,-0.993340,-0.973812,-0.866307,-0.999604,-0.925136,-0.999950,-0.999993,-0.999897,-0.994784,-0.998892,-0.999328,-0.999711,-0.993398,-0.999803,-0.998644,-0.983681,-0.995100,-0.999986,-0.545185
90,L,L,1,-0.999488,-0.987697,-0.513330,-0.998961,-0.740954,-0.999852,-0.934775,-0.997314,-0.977722,-0.999753,-0.925329,0.686944,-0.999915,-0.999949,-0.999802,-0.999992,-0.940946,-0.997015,-0.999634,-0.999991,-0.681447,-0.988648,-0.978318,-0.999977,-0.999920,-0.985491
91,L,L,1,-0.992049,-0.997708,-0.963308,-0.999752,-0.919496,-0.998806,-0.997860,-0.999962,-0.080419,-0.999770,-0.998924,0.213294,-0.999991,-0.999931,-0.999643,-0.999867,-0.986116,-0.999970,-0.961041,-0.992100,-0.999937,-0.997912,-0.999500,-0.998152,-0.985167,-0.980362
92,L,I,0,-0.988400,-0.996347,-0.994326,-0.999892,-0.882166,-0.997859,-0.999610,-0.999741,0.149581,-0.992461,-0.997556,-0.794649,-0.999986,-0.999780,-0.999814,-0.999879,-0.998816,-0.999864,-0.956935,-0.999614,-0.999948,-0.999555,-0.982846,-0.974713,-0.987308,-0.966293
93,E,C,0,-0.924989,-0.864572,-0.651194,-0.999503,-0.937948,-0.998871,-0.998474,-0.999995,-0.997479,-0.998536,-0.892056,-0.998787,-0.999949,-0.999955,-0.999645,-0.999020,-0.968922,-0.868582,-0.998422,-0.998291,-0.999999,-0.989165,-0.997356,-0.999404,-0.999805,-0.992839
94,S,S,1,-0.998579,-0.873447,-0.983349,-0.999533,-0.972327,-0.994624,-0.829508,-0.999809,-0.980773,-0.995094,-0.999956,-0.998554,-0.999939,-0.996811,-0.995781,-0.999986,-0.999412,-0.999833,0.367961,-0.999149,-0.999837,-0.999989,-0.992924,-0.999774,-0.983770,-0.994872
95,A,H,0,-0.596391,-0.998383,-0.999998,-0.972685,-0.999976,-0.999945,-0.998845,-0.474035,-0.999567,-0.995556,-0.999486,-0.999997,-0.987361,-0.926303,-0.997150,-0.988936,-0.993720,-0.969075,-0.993831,-0.999561,-0.999665,-0.999990,-0.967167,-0.988001,-0.999988,-0.999241
96,Q,Q,1,-0.998913,-0.962333,-0.973202,-0.992382,-0.999936,-0.999995,-0.899303,-0.999860,-0.999256,-0.999952,-0.998637,-0.999731,-0.950012,-0.991978,-0.721686,-0.999680,0.882271,-0.940731,-0.999812,-0.999622,-0.997535,-0.999866,-0.990289,-0.999994,-0.999994,-0.999526
97,R,R,1,-0.960107,-0.916357,-0.999791,-0.985294,-0.989396,-0.998038,-0.995593,-0.813550,-0.999990,-0.998821,-0.921485,-0.999515,-0.998719,-0.999298,-0.999934,-0.998082,-0.986456,0.914258,-0.999016,-0.999996,-0.999870,-0.999713,-0.959680,-0.996448,-0.999985,-0.984633
98,N,N,1,-0.999716,-0.998445,-0.999968,-0.978600,-0.999964,-0.999447,-0.995413,-0.870499,-0.999998,-0.999995,-0.939057,-0.999484,-0.992343,0.952952,-0.998455,-0.999736,-0.998520,-0.931502,-0.990551,-0.999660,-0.984461,-0.999971,-0.979867,-0.997639,-0.999979,-0.999998
99,Z,Z,1,-0.971086,-0.995338,-0.997390,-0.997221,-0.994264,-0.999402,-0.999935,-0.999261,-0.977701,-0.990676,-0.991291,-0.997579,-0.999988,-0.999999,-0.999969,-0.993925,-0.984234,-0.999562,-0.999797,-0.910729,-0.999997,-0.999694,-0.997887,-0.966592,-0.996341,0.938758
100,A,A,1,0.945302,-0.997308,-0.999751,-0.998615,-0.999653,-0.987362,-0.741467,-0.987572,-0.999941,-0.996314,-0.995175,-0.998884,-0.998316,-0.998612,-0.999989,-0.999852,-0.991990,-0.832171,-0.999960,-0.999842,-0.999998,-0.991034,-0.980511,-0.993586,-1.000000,-0.999121
101,P,P,1,-0.999510,-0.997920,-0.998592,-0.944978,-0.995415,-0.916793,-0.999990,-0.984288,-0.999993,-0.999230,-0.981526,-0.999837,-0.997457,-0.999964,-0.999740,0.782211,-0.999920,-0.922982,-0.999779,-0.991119,-0.998486,-0.961923,-0.999540,-0.999374,-0.999035,-0.995701
102,U,U,1,-0.999685,-0.995639,-0.976117,-0.980525,-0.998570,-0.999775,-0.935296,-0.912933,-0.998991,-0.999723,-0.993276,-0.750483,-0.999518,-0.997371,-0.997188,-0.999884,-0.981401,-0.999538,-0.999201,-0.999577,0.809762,-0.992108,-0.993889,-0.999992,-0.999208,-0.994533
103,K,K,1,-0.993678,-0.996188,-0.964365,-0.997447,-0.999495,-0.999333,-0.999949,-0.999757,-0.999950,-0.999896,0.621690,-0.999104,-0.998859,-0.960903,-0.999929,-0.999744,-0.994156,-0.487952,-0.996735,-0.996587,-0.999793,-0.959624,-0.994687,-0.914419,-0.999109,-0.997130
104,Y,Y,1,-0.999850,-0.996492,-0.999412,-0.999988,-0.844887,-0.995304,-0.999954,-0.998238,-0.988387,-0.999813,-0.999589,-0.998477,-0.905418,-0.993313,-0.999691,-0.998997,-0.983164,-0.999489,-0.802093,-0.992814,-0.998887,-0.954743,-0.999699,-0.850684,0.953125,-0.999176
105,O,O,1,-0.999556,-0.989172,-0.958898,-0.459818,-0.999992,-0.999877,-0.977435,-0.999754,-0.997400,-0.998980,-0.999725,-0.999850,-0.996034,-0.973145,0.803572,-0.997578,-0.939455,-0.990025,-0.996742,-0.939249,-0.995755,-0.999763,-0.992916,-0.999998,-0.999992,-0.999324
106,A,A,1,0.894628,-0.995078,-0.999559,-0.963003,-0.999991,-0.995322,-0.929717,-0.993941,-0.999940,-0.964175,-0.992498,-0.999902,-0.995959,-0.996311,-0.999350,-0.987928,-0.988132,0.330895,-0.999833,-0.999969,-0.999994,-0.999093,-0.992708,-0.998561,-1.000000,-0.999599
107,I,I,1,-0.971326,-0.999026,-0.994655,-0.999654,-0.997117,-0.999445,-0.989843,-0.999982,0.637195,-0.777329,-0.999205,-0.999434,-0.999758,-0.999596,-0.998219,-0.999807,-0.979302,-0.983168,-0.953264,-0.894364,-0.999997,-0.998533,-0.989110,-0.992430,-0.998916,-0.994984
108,H,H,1,-0.993255,-0.958070,-0.999989,-0.956456,-0.999887,-0.999842,-0.995218,0.812604,-0.999999,-0.999760,-0.963593,-0.999865,-0.975089,-0.970500,-0.999649,-0.992638,-0.990643,-0.657700,-0.999792,-0.999976,-0.987248,-0.999911,-0.951620,-0.999445,-0.999995,-0.997532
109,O,O,1,-0.999570,-0.965703,-0.996227,-0.913688,-0.999982,-0.999747,-0.970231,-0.998720,-0.999299,-0.990646,-0.999820,-0.999878,-0.934659,-0.995869,0.860130,-0.934594,-0.983295,-0.998011,-0.998837,-0.999840,-0.786212,-0.999742,-0.989246,-0.999999,-0.999959,-0.999814
110,F,F,1,-0.985368,-0.999957,-0.983114,-0.999714,-0.999580,0.151722,-0.985757,-0.997191,-0.999944,-0.997780,-0.588205,-0.993682,-0.994720,-0.997037,-0.999608,-0.909812,-0.999846,-0.989109,-0.998593,-0.997857,-0.998726,-0.518153,-0.996515,-0.989217,-0.992994,-0.999911
111,O,O,1,-0.998825,-0.959930,-0.694920,-0.716331,-0.999496,-0.999977,-0.891112,-0.999958,-0.794725,-0.994555,-0.999982,-0.999313,-0.999313,-0.999555,-0.491619,-0.997296,-0.747081,-0.998376,-0.983906,-0.995043,-0.988240,-0.999744,-0.998069,-0.999997,-0.999789,-0.946229
112,C,C,1,-0.999844,-0.999071,0.954745,-0.998702,-0.986640,-0.987399,-0.962360,-0.999907,-0.984522,-0.999868,-0.967632,-0.996132,-0.999938,-0.999089,-0.872674,-0.998335,-0.994130,-0.987379,-0.999708,-0.956290,-0.990002,-0.992315,-0.999448,-0.999997,-0.999779,-0.998569
113,K,H,0,-0.939623,-0.998258,-0.998623,-0.999657,-0.955066,-0.845043,-0.891857,-0.343984,-0.999994,-0.999759,-0.497906,-0.984331,-0.999667,-0.986527,-0.999996,-0.999947,-0.999922,-0.906760,-0.997215,-0.999655,-0.989548,-0.955881,-0.995834,-0.981003,-0.998941,-0.998633
114,T,T,1,-0.998969,-0.998889,-0.984218,-0.996831,-0.966872,-0.947830,-0.999116,-0.999969,-0.989430,-0.999346,-0.998597,-0.997711,-0.999762,-0.999876,-0.997050,-0.961771,-0.999068,-0.997431,-0.944495,0.987732,-0.999990,-0.983172,-0.999987,-0.994475,-0.905629,-0.994804
115,P,P,1,-0.999790,-0.999720,-0.999436,-0.982199,-0.994877,-0.388298,-0.999868,-0.875660,-0.999990,-0.999760,-0.995588,-0.999886,-0.998338,-0.999743,-0.997859,-0.252819,-0.992310,-0.962678,-0.999873,-0.962237,-0.998362,-0.997591,-0.994818,-0.999626,-0.999844,-0.998740
116,V,V,1,-0.999845,-0.996120,-0.999087,-0.988974,-0.999925,-0.975026,-0.999462,-0.997499,-0.999992,-0.869204,-0.999737,-0.986332,-0.995974,-0.999976,-0.999259,-0.961373,-0.995837,-0.998490,-0.999965,-0.999199,-0.949358,0.056069,-0.962609,-0.999987,-0.999714,-0.999590
117,Z,Z,1,-0.991257,-0.869219,-0.995690,-0.999361,-0.935292,-0.999961,-0.999289,-0.999775,-0.959886,-0.993282,-0.997516,-0.997378,-0.999972,-1.000000,-0.999976,-0.999537,-0.958602,-0.999775,-0.999572,-0.992206,-0.999997,-0.999875,-0.995436,-0.990996,-0.995034,0.988309
118,O,G,0,-0.973633,-0.904329,-0.941362,-0.987255,-0.999634,-0.999742,0.413319,-0.990666,-0.995292,-0.994491,-0.995607,-0.993083,-0.997309,-0.988643,-0.894088,-0.999806,-0.997260,-0.999862,-0.999298,-0.999971,-0.535866,-0.999723,-0.973962,-0.999999,-0.999965,-0.998860
119,P,P,1,-0.999832,-0.998632,-0.998762,-0.938876,-0.998565,-0.880678,-0.999998,-0.981919,-0.999996,-0.998898,-0.974631,-0.999889,-0.996273,-0.999948,-0.998653,0.858091,-0.999793,-0.928656,-0.999733,-0.990319,-0.995508,-0.969190,-0.999423,-0.998562,-0.997845,-0.996781
120,B,B,1,-0.820919,0.741076,-0.998339,-0.998262,-0.946758,-0.999879,-0.646562,-0.993024,-0.998972,-0.972971,-0.992476,-0.996811,-0.999491,-0.999062,-0.999828,-0.999974,-0.998444,-0.995678,-0.899393,-0.999986,-0.998621,-0.998456,-0.981663,-0.999802,-0.999765,-0.986070
121,O,O,1,-0.999185,-0.986173,-0.908075,-0.997358,-0.999420,-0.999920,-0.890388,-0.998528,-0.983472,-0.998484,-0.993801,-0.966126,-0.997526,-0.995186,-0.312909,-0.999707,-0.990524,-0.999917,-0.999313,-0.999961,-0.953102,-0.999982,-0.973883,-0.999996,-0.999957,-0.998139
122,M,M,1,-0.976158,-0.996449,-0.999999,-0.993020,-0.999613,-0.999856,-0.999768,-0.566271,-0.999888,-0.999604,-0.998458,-0.999851,-0.287433,-0.818751,-0.999643,-0.997393,-0.999418,-0.996220,-0.995679,-0.999953,-0.998314,-0.998966,-0.980630,-0.992486,-0.999922,-0.999979
123,Y,Y,1,-0.999763,-0.999634,-0.991573,-0.999996,-0.992296,-0.910373,-0.999947,-0.998017,-0.996923,-0.999873,-0.970194,-0.999735,-0.855076,-0.999857,-0.999218,-0.985157,-0.999747,-0.999754,-0.996423,-0.988365,-0.994844,-0.759273,-0.999869,-0.998198,0.938290,-0.998831
124,W,W,1,-0.956339,-0.988318,-0.997780,-0.979147,-0.980238,-0.999044,-0.378823,-0.998164,-0.915045,-0.990464,-0.999864,-0.977816,-0.940179,-0.967003,-0.773080,-0.999757,-0.808232,-0.997305,-0.991538,-0.999459,-0.999657,-0.999990,0.990910,-0.990340,-0.999979,-0.972558
125,J,J,1,-0.852671,-0.824305,-0.983978,-0.999725,-0.999229,-0.999030,-0.687954,-0.999961,-0.998917,0.776147,-0.999838,-0.999835,-0.993929,-0.999992,-0.997383,-0.998762,-0.978040,-0.913298,-0.999541,-0.998206,-0.999983,-0.946103,-0.921760,-0.998965,-0.999868,-0.919146
126,Q,Q,1,-0.996626,-0.999520,-0.992297,-0.942288,-0.999993,-0.999978,-0.893450,-0.999966,-0.999670,-0.992307,-0.997430,-0.997875,-0.994802,-0.997501,-0.997859,-0.999867,0.585636,-0.885432,-0.999813,-0.966544,-0.974374,-0.817715,-0.996077,-0.999647,-0.999956,-0.999566
127,Y,Y,1,-0.999539,-0.999926,-0.982622,-0.999998,-0.956836,-0.254222,-0.999888,-0.992009,-0.980045,-0.999932,-0.992683,-0.998176,-0.996071,-0.997124,-0.998837,-0.994485,-0.998756,-0.999886,-0.992108,-0.917499,-0.999345,-0.988928,-0.998595,-0.802909,0.841490,-0.983844
128,J,J,1,-0.990790,-0.999263,-0.998474,-0.999040,-0.997362,-0.966897,-0.990623,-0.999883,-0.922215,0.926261,-0.999933,-0.998097,-0.998101,-0.999994,-0.999054,-0.998525,-0.997078,-0.994582,-0.986422,-0.959006,-0.999961,-0.947813,-0.953270,-0.993304,-0.988665,-0.979407
129,K,K,1,-0.999464,-0.999954,-0.608366,-0.996755,-0.998142,-0.995088,-0.999643,-0.999769,-0.995241,-0.999885,-0.141230,-0.933171,-0.998717,-0.999921,-0.999189,-0.999380,-0.988762,-0.999975,-0.999220,-0.998137,-0.977303,-0.987758,-0.999861,-0.999315,-0.996032,-0.997041
130,J,J,1,-0.894088,-0.999477,-0.999676,-0.996882,-0.999147,-0.985886,-0.996710,-0.999656,-0.447226,0.768971,-0.999916,-0.999052,-0.997874,-0.999997,-0.999570,-0.980547,-0.997792,-0.999165,-0.986750,-0.985872,-0.999990,-0.960277,-0.996470,-0.992218,-0.990588,-0.974404
131,L,L,1,-0.994651,-0.999744,-0.984898,-0.999971,-0.919628,-0.982887,-0.993648,-0.998077,-0.832720,-0.999481,-0.998630,0.910299,-0.999938,-0.999923,-0.999858,-0.999956,-0.981757,-0.999882,-0.997768,-0.999159,-0.995564,-0.981567,-0.998240,-0.992534,-0.946267,-0.993881
132,E,E,1,-0.935695,-0.956369,-0.995929,-0.999952,0.065096,-0.739273,-0.778057,-0.956407,-0.999893,-0.999705,-0.996131,-0.991263,-0.999893,-0.999723,-0.999987,-0.999808,-0.999817,-0.889616,-0.991925,-0.999947,-0.999865,-0.993671,-0.996781,-0.999239,-0.999330,-0.997780
133,S,S,1,-0.998120,-0.747777,-0.999493,-0.999395,-0.935065,-0.997996,-0.997942,-0.974330,-0.993352,-0.998968,-0.996608,-0.994916,-0.998493,-0.998850,-0.997779,-0.998120,-0.999841,-0.999868,0.150522,-0.997066,-0.998385,-0.999786,-0.999057,-0.999655,-0.905990,-0.996814
134,N,M,0,-0.999169,-0.998699,-0.999983,-0.999847,-0.999993,-0.999627,-0.998583,-0.991931,-0.999994,-0.999962,-0.963793,-0.999985,0.616699,-0.127350,-0.989073,-0.998269,-0.994196,-0.980719,-0.999220,-0.998639,-0.997136,-0.996396,-0.961759,-0.993113,-0.985026,-0.999992
135,M,M,1,-0.938542,-0.964733,-0.999945,-0.998158,-0.999974,-0.999814,-0.998143,-0.988693,-0.999943,-0.999563,-0.988781,-0.999976,0.548001,-0.968179,-0.996800,-0.956784,-0.996364,-0.936849,-0.998827,-0.999985,-0.999677,-0.995993,-0.987948,-0.997365,-0.998676,-0.999943
136,G,G,1,-0.812436,-0.972758,-0.984868,-0.997735,-0.993924,-0.986394,0.929929,-0.996455,-0.998009,-0.998588,-0.999659,-0.995248,-0.999755,-0.962818,-0.998756,-0.999992,-0.997671,-0.995950,-0.762818,-0.999929,-0.994143,-0.997865,-0.991788,-0.999977,-0.999975,-0.999951
137,B,B,1,-0.997260,0.414808,-0.999362,-0.997884,-0.956442,-0.998353,-0.969731,-0.900418,-0.999965,-0.999777,-0.999132,-0.999876,-0.999298,-0.991640,-0.985671,-0.990467,-0.999912,-0.968100,-0.954581,-0.999609,-0.998156,-0.999955,-0.996499,-0.999992,-0.999817,-0.999415
138,N,N,1,-0.999623,-0.999606,-0.999993,-0.997843,-0.999989,-0.999990,-0.996065,-0.978704,-0.999855,-0.999992,-0.994253,-0.995974,-0.700638,0.806007,-0.984634,-0.999990,-0.962839,-0.995024,-0.995511,-0.999983,-0.931724,-0.999965,-0.981608,-0.989561,-0.999859,-0.999998
139,H,H,1,-0.999714,-0.998001,-0.999997,-0.966454,-0.999950,-0.998762,-0.999828,0.786254,-0.999999,-0.999921,-0.995312,-0.999958,-0.928742,-0.900774,-0.999677,-0.977246,-0.999449,-0.913282,-0.999800,-0.999855,-0.980463,-0.999908,-0.973446,-0.999656,-0.999986,-0.999914
140,U,U,1,-0.998195,-0.942397,-0.999780,-0.860007,-0.999984,-0.999914,-0.990285,-0.957078,-0.998806,-0.919986,-0.999848,-0.999807,-0.937913,-0.991888,-0.716572,-0.981249,-0.995637,-0.999628,-0.988863,-0.999878,0.363787,-0.999553,-0.993213,-0.999995,-0.999109,-0.997934
141,U,R,0,-0.936783,-0.874568,-0.874658,-0.999744,-0.949264,-0.993621,-0.842239,-0.999915,-0.999829,-0.980454,-0.991161,-0.998883,-0.998573,-0.999919,-0.999304,-0.999296,-0.935462,-0.801207,-0.994453,-0.999667,-0.999894,-0.949201,-0.997057,-0.997357,-0.997720,-0.992100
142,C,C,1,-0.999520,-0.996557,-0.917107,-0.992216,-0.979071,-0.996508,-0.981839,-0.999892,-0.956219,-0.986124,-0.999875,-0.986297,-0.999786,-0.999867,-0.963484,-0.995928,-0.997941,-0.999789,-0.990058,-0.999538,-0.998561,-0.999962,-0.995512,-0.999932,-0.999735,-0.991994
143,E,E,1,-0.999035,-0.912027,-0.846584,-0.999961,0.832729,-0.801576,-0.995005,-0.995375,-0.997610,-0.999939,-0.978759,-0.843937,-0.999896,-0.999860,-0.998964,-0.999315,-0.999556,-0.986105,-0.997658,-0.999925,-0.999665,-0.996986,-0.985696,-0.999207,-0.999070,-0.994986
144,S,S,1,-0.995519,-0.739882,-0.999363,-0.999569,-0.881932,-0.999017,-0.857797,-0.994636,-0.997240,-0.999354,-0.999619,-0.998801,-0.999861,-0.997575,-0.999562,-0.999995,-0.998112,-0.997780,0.660816,-0.999682,-0.999762,-0.999990,-0.995773,-0.996937,-0.993580,-0.983677
145,M,M,1,-0.998625,-0.999420,-0.999998,-0.999257,-0.999943,-0.999402,-0.999939,-0.945625,-0.999993,-0.999921,-0.999479,-0.998871,0.829018,-0.965232,-0.998998,-0.988889,-0.963181,-0.970619,-0.999875,-0.989720,-0.999323,-0.891346,-0.993510,-0.975294,-0.998489,-0.999981
146,B,B,1,-0.959648,0.602782,-0.999885,-0.998615,-0.920268,-0.999396,-0.947749,-0.980904,-0.996139,-0.996936,-0.999989,-0.999388,-0.991996,-0.998058,-0.998271,-0.999631,-0.998388,-0.995785,-0.926302,-0.999961,-0.999883,-0.999872,-0.988326,-0.999098,-0.999027,-0.984325
147,M,M,1,-0.999819,-0.998430,-0.999995,-0.999701,-0.999976,-0.999966,-0.998503,-0.954931,-0.999995,-0.999821,-0.995535,-0.999855,0.961183,-0.997947,-0.998574,-0.996608,-0.818435,-0.998155,-0.999995,-0.999655,-0.998093,-0.992758,-0.910528,-0.999515,-0.999769,-0.999809
148,P,P,1,-0.968922,-0.995545,-0.994946,-0.886082,-0.999119,-0.805583,-0.999986,-0.998316,-0.999888,-0.993056,-0.998356,-0.999981,-0.999511,-0.999796,-0.995316,0.148507,-0.999503,-0.593970,-0.998824,-0.993114,-0.999995,-0.999189,-0.998527,-0.999104,-0.999904,-0.989802
149,B,B,1,-0.999067,0.561321,-0.999954,-0.968175,-0.998000,-0.999971,-0.993829,-0.989285,-0.999685,-0.999511,-0.999773,-0.999910,-0.987422,-0.998864,-0.991239,-0.993607,-0.998087,-0.996889,-0.970277,-0.999114,-0.999558,-0.999915,-0.999281,-0.999995,-0.999084,-0.997910
150,E,E,1,-0.997037,-0.444035,-0.974706,-0.998025,0.075447,-0.903273,-0.998972,-0.909507,-0.999983,-0.999891,-0.983218,-0.985850,-0.999260,-0.999761,-0.999668,-0.995738,-0.999882,-0.953395,-0.999288,-0.999954,-0.999129,-0.994899,-0.996197,-0.998876,-0.999213,-0.963574
151,Y,Y,1,-0.999925,-0.999949,-0.996937,-0.999976,-0.957930,-0.314898,-0.999989,-0.880541,-0.998282,-0.999857,-0.894670,-0.995514,-0.991357,-0.999305,-0.999837,-0.995259,-0.999534,-0.999797,-0.990511,-0.981205,-0.977101,-0.960458,-0.998495,-0.873837,0.860360,-0.981963
152,W,W,1,-0.857421,-0.999224,-0.999996,-0.997020,-0.999850,-0.999683,-0.930487,-0.946490,-0.999848,-0.998597,-0.996056,-0.989949,-0.997883,-0.911589,-0.999433,-0.999933,-0.976404,-0.998392,-0.999703,-0.999941,-0.999760,-0.999963,0.703767,-0.990850,-1.000000,-0.999678
153,I,I,1,-0.993658,-0.997046,-0.833245,-0.999253,-0.826752,-0.999311,-0.999171,-0.999994,0.728742,-0.999564,-0.999553,-0.636411,-0.999982,-0.999963,-0.998130,-0.999663,-0.985363,-0.999801,-0.941934,-0.962772,-0.999992,-0.999347,-0.999455,-0.996920,-0.980404,-0.921893
154,T,Y,0,-0.998442,-0.999695,-0.999715,-0.999969,-0.999945,-0.999412,-0.999997,-0.999472,-0.944740,-0.995006,-0.955130,-0.992580,-0.863629,-0.999924,-0.997387,-0.952409,-0.999189,-0.999992,-0.999545,-0.999481,-0.999112,-0.990741,-0.993912,-0.965260,0.678914,-0.993446
155,Z,Z,1,-0.993163,-0.857818,-0.999076,-0.993704,-0.977327,-0.999835,-0.999989,-0.998889,-0.997295,-0.986341,-0.999938,-0.999869,-0.999428,-1.000000,-0.999803,-0.922843,-0.993633,-0.987125,-0.999543,-0.964927,-0.999996,-0.998783,-0.999604,-0.997631,-0.997488,0.696032
156,I,I,1,-0.990000,-0.994113,-0.990021,-0.998659,-0.985573,-0.999775,-0.999824,-0.999947,0.509106,-0.775592,-0.997310,-0.998670,-0.999921,-0.999990,-0.999258,-0.999543,-0.996810,-0.999859,-0.987812,-0.978726,-0.999992,-0.999318,-0.994183,-0.995902,-0.997144,-0.545267
157,T,T,1,-0.994506,-0.999782,-0.997702,-0.999823,-0.990872,-0.912396,-0.999871,-0.999338,-0.895167,-0.999819,-0.999723,-0.992776,-0.999688,-0.998463,-0.998421,-0.983814,-0.999051,-0.998359,-0.976738,-0.138427,-0.999992,-0.983076,-0.999898,-0.913423,-0.894759,-0.998745
158,Y,Y,1,-0.998612,-0.999699,-0.999737,-0.999997,-0.997262,-0.982304,-0.999969,-0.993168,-0.998688,-0.998597,-0.999045,-0.999725,-0.860067,-0.999860,-0.999655,-0.928535,-0.999532,-0.999846,-0.999274,-0.986359,-0.994648,-0.759866,-0.999316,-0.969217,0.818788,-0.998083
159,L,L,1,-0.999794,-0.998416,-0.949390,-0.991886,-0.966379,-0.998918,-0.994894,-0.995649,-0.995503,-0.997800,-0.943077,0.764781,-0.999986,-0.999978,-0.999904,-0.999868,-0.973013,-0.998678,-0.999387,-0.999802,-0.773665,-0.959036,-0.997626,-0.999916,-0.999258,-0.989601
160,V,V,1,-0.999859,-0.998727,-0.970573,-0.999750,-0.995539,-0.980742,-0.983817,-0.999464,-0.999848,-0.998151,-0.998800,-0.999305,-0.825138,-0.999992,-0.998728,-0.994117,-0.992404,-0.995910,-0.999959,-0.953661,-0.984244,0.858406,-0.999136,-0.999994,-0.984351,-0.999025
161,E,E,1,-0.997779,-0.981393,-0.940737,-0.999994,0.557289,-0.623436,-0.976502,-0.997124,-0.993473,-0.998373,-0.984110,-0.817658,-0.999812,-0.999981,-0.999700,-0.995627,-0.999889,-0.999731,-0.988139,-0.999732,-0.997863,-0.994843,-0.990317,-0.999454,-0.970827,-0.994124
162,F,F,1,-0.997104,-0.993209,-0.996798,-0.991889,-0.730435,0.411083,-0.999799,-0.989290,-0.999943,-0.998906,-0.990201,-0.999518,-0.999869,-0.999991,-0.999903,-0.647204,-0.999925,-0.885345,-0.993612,-0.996514,-0.999942,-0.996129,-0.999446,-0.999517,-0.997497,-0.996370
163,W,W,1,-0.436140,-0.982933,-0.979419,-0.974193,-0.998822,-0.140034,-0.596788,-0.995602,-0.975180,0.663450,-0.518276,-0.806678,-0.962011,-0.998906,-0.492157,-0.737787,-0.985736,-0.983585,-0.997796,-0.999103,-0.999860,-0.999577,0.983032,-0.947029,-0.999794,-0.784894
164,D,D,1,-0.998123,-0.995816,-0.990823,0.684462,-0.999821,-0.999586,-0.987076,-0.993976,-0.997817,-0.994514,-0.999541,-0.997875,-0.999401,-0.995258,-0.911813,-0.961568,-0.996523,-0.990219,-0.997088,-0.999077,-0.917977,-0.999409,-0.990162,-0.999962,-0.999997,-0.996474
165,C,C,1,-0.999462,-0.998198,0.785673,-0.999861,-0.968631,-0.972357,-0.954706,-0.999772,-0.972791,-0.998616,-0.958183,-0.832106,-0.999893,-0.999871,-0.979634,-0.998256,-0.998688,-0.999859,-0.999654,-0.999554,-0.935623,-0.998061,-0.998316,-0.999994,-0.996851,-0.997297
166,H,H,1,-0.995926,-0.969590,-0.999978,-0.958652,-0.999888,-0.999914,-0.992550,0.587847,-0.999998,-0.999873,-0.951883,-0.999842,-0.985952,-0.951599,-0.999505,-0.996647,-0.988805,-0.799997,-0.999659,-0.999972,-0.983673,-0.999960,-0.958906,-0.999443,-0.999996,-0.998146
167,R,R,1,-0.995704,-0.994123,-0.999353,-0.952724,-0.999775,-0.999343,-0.999835,-0.986046,-0.999997,-0.999406,-0.911926,-0.999965,-0.998042,-0.999331,-0.999878,-0.747881,-0.993654,0.888512,-0.999763,-0.999768,-0.999494,-0.996720,-0.999108,-0.997686,-0.999919,-0.995742
168,M,M,1,-0.999826,-0.998848,-0.998301,-0.999623,-0.987873,-0.999644,-0.998313,-0.976294,-0.991069,-0.998566,-0.995215,-0.892473,0.072336,-0.999798,-0.998483,-0.998251,-0.945181,-0.999884,-0.999794,-0.992984,-0.372092,-0.763878,-0.948650,-0.999463,-0.984667,-0.997452
169,C,C,1,-0.998326,-0.998248,0.915298,-0.999443,-0.971624,-0.983871,-0.937189,-0.999238,-0.990550,-0.999884,-0.967017,-0.976131,-0.999989,-0.999349,-0.958999,-0.998133,-0.998762,-0.990446,-0.999413,-0.988799,-0.988969,-0.998875,-0.999740,-0.999996,-0.999753,-0.996896
170,A,A,1,0.972233,-0.999184,-0.999515,-0.999723,-0.999811,-0.991402,-0.973352,-0.990017,-0.998581,-0.992915,-0.950690,-0.995113,-0.999840,-0.980646,-0.999987,-0.999920,-0.996926,-0.954839,-0.999856,-0.999984,-0.999979,-0.942160,-0.955596,-0.994090,-0.999999,-0.999967
171,G,G,1,-0.976483,-0.987173,-0.999376,-0.994742,-0.999615,-0.999483,0.539055,-0.999775,-0.997884,-0.983279,-0.999964,-0.999984,-0.957814,-0.986253,-0.982754,-0.999731,-0.998892,-0.999254,-0.786228,-0.999270,-0.999476,-0.999979,-0.993337,-0.999899,-0.999901,-0.999715
172,D,D,1,-0.999948,-0.987490,-0.963504,0.526025,-0.999763,-0.999848,-0.998583,-0.999030,-0.999964,-0.999956,-0.993257,-0.981223,-0.999864,-0.999223,-0.969566,-0.988988,-0.985041,-0.964692,-0.996619,-0.997904,-0.983481,-0.999733,-0.999866,-0.999972,-0.999908,-0.984432
173,J,J,1,-0.996029,-0.994912,-0.988398,-0.986336,-0.995060,-0.985583,-0.990117,-0.999997,-0.947211,0.756415,-0.999927,-0.999241,-0.999696,-0.999998,-0.996590,-0.978274,-0.995651,-0.973428,-0.943410,-0.579969,-0.999998,-0.995395,-0.992622,-0.996719,-0.995800,-0.877520
174,I,L,0,-0.974561,-0.999225,-0.992904,-0.999454,-0.982263,-0.993821,-0.999575,-0.999965,-0.757478,-0.998894,-0.998478,-0.708827,-0.999990,-0.999912,-0.999904,-0.998738,-0.991875,-0.999201,-0.986958,-0.963366,-0.999996,-0.993651,-0.998926,-0.969775,-0.995730,-0.983830
175,M,A,0,-0.145740,-0.986260,-0.999970,-0.997880,-0.999922,-0.999798,-0.992329,-0.395187,-0.999921,-0.999048,-0.835714,-0.999939,-0.797341,-0.973156,-0.999773,-0.978378,-0.993022,-0.936993,-0.999464,-0.999998,-0.998905,-0.999765,-0.958278,-0.992152,-0.999890,-0.998728
176,F,E,0,-0.976502,-0.995894,-0.994850,-0.999909,-0.644018,-0.847732,-0.999358,-0.999878,-0.954020,-0.997244,-0.999597,-0.987545,-0.999854,-0.999993,-0.999464,-0.983926,-0.999654,-0.999485,-0.989249,-0.935058,-0.999998,-0.995174,-0.999338,-0.998196,-0.972008,-0.983389
177,S,S,1,-0.930705,-0.260515,-0.999773,-0.989284,-0.770914,-0.996999,-0.808988,-0.989570,-0.998299,-0.980774,-0.998564,-0.996700,-0.999728,-0.997738,-0.999874,-0.999990,-0.999838,-0.991520,0.658556,-0.999986,-0.999839,-0.999974,-0.964132,-0.996793,-0.999786,-0.986552
178,E,E,1,-0.999012,-0.936968,-0.968039,-0.999226,0.612656,-0.984679,-0.997918,-0.998007,-0.992858,-0.998487,-0.989971,-0.353701,-0.999984,-0.999990,-0.999934,-0.999503,-0.992166,-0.995331,-0.989795,-0.999712,-0.999380,-0.996429,-0.989156,-0.998972,-0.995228,-0.938446
179,S,S,1,-0.998471,-0.969747,-0.998534,-0.998060,-0.958610,-0.980117,-0.989404,-0.999913,-0.983189,-0.966976,-0.999163,-0.995544,-0.999902,-0.958163,-0.999488,-0.999989,-0.999303,-0.991659,0.973422,-0.999622,-0.999748,-0.999646,-0.988162,-0.971430,-0.986860,-0.999674
180,O,O,1,-0.999994,-0.997776,-0.956707,-0.992804,-0.999539,-0.999656,-0.988262,-0.999936,-0.991631,-0.999502,-0.997705,-0.981438,-0.995609,-0.999587,-0.029760,-0.999722,-0.364700,-0.999832,-0.995652,-0.989452,-0.995639,-0.999980,-0.965929,-0.999994,-0.997882,-0.993402
181,K,X,0,-0.946548,-0.984659,-0.988672,-0.999978,-0.814043,-0.999587,-0.992307,-0.999820,-0.980287,-0.999782,-0.688651,-0.995035,-0.999975,-0.998790,-0.999990,-0.999987,-0.875660,-0.964469,-0.935009,-0.999879,-0.999974,-0.999435,-0.993470,-0.568007,-0.983282,-0.967181
182,N,N,1,-0.999747,-0.998679,-0.999967,-0.973104,-0.999957,-0.999231,-0.996102,-0.827664,-0.999999,-0.999997,-0.928045,-0.999328,-0.995809,0.948029,-0.999094,-0.999768,-0.998676,-0.907097,-0.990272,-0.999592,-0.985197,-0.999970,-0.985074,-0.998092,-0.999984,-0.999998
183,V,V,1,-0.999860,-0.998734,-0.995380,-0.999557,-0.999801,-0.975994,-0.998302,-0.998600,-0.999994,-0.956114,-0.995425,-0.996823,-0.987470,-0.999977,-0.999862,-0.982883,-0.998786,-0.998247,-0.999945,-0.991145,-0.866827,0.975165,-0.994680,-0.999982,-0.993203,-0.999883
184,E,E,1,-0.985760,-0.993261,-0.941439,-1.000000,0.748858,-0.847666,-0.952952,-0.997050,-0.957698,-0.999755,-0.998341,-0.939825,-0.999796,-0.999877,-0.999814,-0.999942,-0.999039,-0.986631,-0.996207,-0.999419,-0.999969,-0.998468,-0.986780,-0.991925,-0.990727,-0.968440
185,Q,Q,1,-0.999019,-0.990006,-0.974783,-0.780625,-0.995280,-0.999996,-0.968557,-0.998322,-0.995453,-0.999729,-0.999647,-0.992021,-0.999727,-0.999284,-0.998959,-0.999901,0.789721,-0.998227,-0.996927,-0.998631,-0.821603,-0.998673,-0.998799,-0.999931,-0.999821,-0.881878
186,E,E,1,-0.996705,-0.855944,-0.989446,-0.999284,0.513329,-0.987344,-0.999047,-0.929278,-0.999875,-0.999867,-0.883036,-0.974314,-0.999817,-0.999982,-0.999983,-0.996126,-0.997477,-0.967104,-0.999650,-0.999940,-0.998734,-0.996035,-0.999205,-0.999491,-0.998214,-0.934236
187,V,V,1,-0.999501,-0.999153,-0.997774,-0.999216,-0.999014,-0.989331,-0.995599,-0.995787,-0.999932,-0.994327,-0.998855,-0.988839,-0.964437,-0.999926,-0.999859,-0.988262,-0.996537,-0.999153,-0.999898,-0.977731,-0.840393,0.954758,-0.997223,-0.999968,-0.988251,-0.999879
188,Z,Z,1,-0.995085,-0.992639,-0.985188,-0.977481,-0.977683,-0.999387,-0.999820,-0.999805,-0.919049,-0.949064,-0.987406,-0.986966,-0.999962,-0.999996,-0.999798,-0.998204,-0.974951,-0.992338,-0.989592,-0.895280,-0.999986,-0.999545,-0.997594,-0.891821,-0.987914,0.955966
189,K,K,1,-0.991628,-0.988683,-0.967876,-0.999996,-0.963357,-0.999540,-0.999806,-0.997883,-0.959843,-0.999693,0.429157,-0.967969,-0.998385,-0.999950,-0.999972,-0.999162,-0.975684,-0.997981,-0.999624,-0.999982,-0.999335,-0.985054,-0.978039,-0.965486,-0.651823,-0.924121
190,C,C,1,-0.999882,-0.999019,0.242426,-0.994510,-0.999529,-0.998475,-0.979823,-0.999999,-0.999393,-0.999770,-0.981807,-0.999293,-0.998962,-0.998607,-0.901687,-0.998912,-0.866578,-0.903646,-0.999093,-0.995532,-0.999559,-0.995854,-0.995959,-0.999964,-0.999957,-0.999736
191,Z,Z,1,-0.952831,-0.998140,-0.998780,-0.966820,-0.988087,-0.991474,-0.999886,-0.967416,-0.998582,-0.965502,-0.995824,-0.983443,-0.999795,-0.999996,-0.999916,-0.974651,-0.999537,-0.999074,-0.999991,-0.983160,-0.999984,-0.999575,-0.906553,-0.911677,-0.999986,0.540258
192,V,V,1,-0.999419,-0.998663,-0.998587,-0.989170,-0.998713,-0.999506,-0.999926,-0.866381,-0.999782,-0.999857,-0.997187,-0.993097,-0.984637,-0.994224,-0.999972,-0.999414,-0.896945,-0.998274,-0.997973,-0.989212,-0.082754,0.749780,-0.999374,-0.999398,-0.982880,-0.999762
193,K,K,1,-0.997804,-0.999740,-0.986426,-0.999946,-0.996687,-0.995706,-0.999909,-0.990442,-0.999402,-0.999962,0.955401,-0.995151,-0.999852,-0.996200,-0.999963,-0.999894,-0.942802,-0.904753,-0.999162,-0.999494,-0.999199,-0.993127,-0.992650,-0.899504,-0.996814,-0.994925
194,U,U,1,-0.999985,-0.996101,-0.994258,-0.949361,-0.999566,-0.999925,-0.995004,-0.979782,-0.999427,-0.997047,-0.998460,-0.997486,-0.986887,-0.992656,-0.986229,-0.999868,-0.961256,-0.999840,-0.980639,-0.999939,0.979683,-0.997684,-0.987622,-0.999996,-0.997149,-0.998908
195,D,D,1,-0.999795,-0.985155,-0.999916,0.905800,-0.999998,-0.999970,-0.999309,-0.984071,-0.999923,-0.999552,-0.999533,-0.999562,-0.990090,-0.882535,-0.419879,-0.939433,-0.999174,-0.996073,-0.997705,-0.999785,-0.978459,-0.999997,-0.979257,-0.999988,-0.999995,-0.999746
196,X,X,1,-0.960116,-0.999547,-0.999624,-0.999961,-0.974886,-0.995345,-0.999995,-0.990384,-0.989486,-0.999580,-0.984129,-0.982835,-0.995620,-0.999651,-0.999998,-0.998930,-0.989914,-0.999750,-0.999420,-0.998365,-0.999858,-0.982610,-0.980337,0.752637,-0.849819,-0.819420
197,C,C,1,-0.999902,-0.998892,0.972248,-0.999897,-0.952958,-0.992347,-0.807052,-0.999778,-0.988071,-0.999975,-0.930333,-0.993326,-0.999922,-0.999697,-0.983663,-0.999589,-0.987268,-0.994735,-0.999909,-0.997512,-0.955050,-0.997139,-0.999123,-0.999999,-0.999758,-0.998474
198,L,I,0,-0.972064,-0.991073,-0.997161,-0.999394,-0.900766,-0.998605,-0.999746,-0.998245,-0.248259,-0.996265,-0.990073,-0.468334,-0.999989,-0.999826,-0.999896,-0.999959,-0.998322,-0.998627,-0.956871,-0.999128,-0.999970,-0.999336,-0.975604,-0.978500,-0.997228,-0.865957
